{
  "BigDecimal.highPrecision": 0.123456789012345678901234567890123456789012345678901234567890,
  "BigDecimal.veryLargeDecimal": 12345678901234567890123456789012345678901234567890123456789012345678901234567890.987654321098765432109876543210987654321098765432109876543210987654321,
  "BigDecimal.scientificVeryLarge": 1.23456789012345678901234567890123456789012345678901234567890e200,
  "BigDecimal.scientificVerySmall": 9.87654321098765432109876543210987654321098765432109876543210e-200,
  "BigDecimal.pi": 3.1415926535897932384626433832795028841971693993751058209749445923078164062862089986280348253421170679,
  "BigDecimal.e": 2.7182818284590452353602874713526624977572470936999595749669676277240766303535475945713821785251664274,
  "Float1":  1.2,
  "Float2":  1.0,
  "Float3":  1.5,
  "Group6.int1": -320998872,
  "Group24.int3": -1066563141,
  "Group24.int1": 1,
  "Group22.double8": 9.230100260197168E-188,
  "Group22.double7": -8.605164301673458E-78,
  "Group22.double5": 2.51688408724697E-30,
  "Group7.dateTime7": "2038-09-04T04:01:14.000Z",
  "Group16.boolean3": false,
  "Group16.boolean2": false,
  "Group18.int9": 1835322735,
  "Group18.int6": 99794515,
  "Group18.int4": -619445221,
  "Group23.string6": "BlFGUSg9l4ezZK1weQsu",
  "Group23.string2": "q0lMhhoyEbp1NrsFFnZZ",
  "Group18.double8": -50912909274703210000000000000000000000000000000000000000000000000000000000000000000000000000000000000000000000000000000,
  "Group18.double3": 98497930444081750000000000000000000000000000000000000000000000000000000000000000,
  "Group6.double7": -55367270727582860000000000000000000000000000000000000000000000000000000000000000000000000000000000000000000000000000000000000000000000000000,
  "Group6.double5": 9156981293063935000000000000000000000000000000000000000000000000000000000000000000000000000000000000000000000000000000000000000000000000000000000000000000000000000000000000000000000000000000000000000000000000000000000000000000000000000000000000000000000000000000000000000000000000000,
  "Group6.double3": 9.396347761210711E-126,
  "Group3.boolean6": false,
  "Group3.boolean4": true,
  "Group23.double7": 194051340464883800000000000000000000000000000000000000000000000000000000000000000000000000000000000000000000000000000000000000000000000000000000000000000000000000000000000000000000000000000000000000000000000000000000000000000000000000000000000000000000000000000000000000000,
  "Group23.double5": -12443386647401284000000000000000000000000000000000000000000000000000000000000000000000000000000000000000000000000000000000000000000000000000000000000000000000000000000000000000000000000000000000000000000000000000,
  "Group1.int2": -1038219455,
  "Group2.boolean6": true,
  "Group16.int9": -1247163948,
  "Group16.int7": 0,
  "Group2.dateTime8": "1949-12-26T08:13:04.000Z",
  "Group2.dateTime7": "1956-02-16T21:56:31.000Z",
  "Group2.dateTime1": "1968-04-23T23:20:37.000Z",
  "Group22.int9": 1799784763,
  "Group22.int3": 2147483647,
  "Group22.int1": 375871687,
  "Group20.int8": -963721457,
  "Group20.int2": -1,
  "Group23.string10": "koVDlS8Ue7xv1BjK5fqo",
  "Group10.double5": -9115430446169542000000000000000000000000000000000000000000000000000000000000000000000,
  "Group10.double3": 1928420740486872000000000000000000000,
  "Group1.double10": -2.9646147999181573E-112,
  "Group24.boolean5": false,
  "Group12.boolean5": true,
  "Group21.dateTime8": "2085-12-25T21:59:20.000Z",
  "Group21.dateTime7": "2048-04-28T19:01:28.000Z",
  "Group20.dateTime9": "2019-11-25T06:54:49.000Z",
  "Group20.dateTime5": "1984-08-02T10:23:33.000Z",
  "Group10.string10": "dMJ28MRHWNLQf1pebqkL",
  "Group12.dateTime2": "1951-04-15T20:41:23.000Z",
  "Group12.dateTime1": "2030-03-10T05:02:27.000Z",
  "Group6.boolean9": false,
  "Group6.boolean8": true,
  "Group6.boolean2": true,
  "Group3.string8": "uDgBwRwsIk4s267kgWc1",
  "Group14.boolean5": false,
  "Group23.int4": 2147483647,
  "Group23.int3": -1189649314,
  "Group10.string9": "Tyae1vFt3Ss6jff6H6Ts",
  "Group8.dateTime7": "2025-08-06T13:56:45.000Z",
  "Group8.dateTime5": "1982-10-23T02:16:39.000Z",
  "Group13.dateTime8": "1981-04-17T21:25:03.000Z",
  "Group13.dateTime7": "1947-01-22T15:00:09.000Z",
  "Group13.dateTime6": "1919-11-14T05:03:13.000Z",
  "Group13.dateTime3": "1928-12-08T19:44:04.000Z",
  "Group9.string9": "rjP2j7bZSdUlqqbnQ5ut",
  "Group9.string8": "MaJsMYnqFDjO2sF05g9L",
  "Group9.string4": "n3tLMdsIuuRChe5BPkE2",
  "Group9.string1": "LOYJzKyvQn9tR96YYkRZ",
  "Group24.boolean10": false,
  "Group4.int4": -1399537171,
  "Group4.int1": -1,
  "Group15.int10": 1596359399,
  "Group25.dateTime9": "2057-03-27T21:45:47.000Z",
  "Group25.dateTime6": "2070-03-04T21:37:54.000Z",
  "Group25.dateTime1": "1916-03-18T14:22:12.000Z",
  "Group23.boolean9": false,
  "Group23.boolean8": false,
  "Group23.boolean1": true,
  "Group4.dateTime10": "2087-03-13T14:26:34.000Z",
  "Group15.int8": 0,
  "Group9.string10": "J9YLjnKzXxdKRb593QO4",
  "Group1.double7": -7.131566370175273E-146,
  "Group1.double6": 1.6169476420326935E-152,
  "Group1.double4": -4.228292407688849E-279,
  "Group1.double1": -594796460360977100000000000000000000000000000,
  "Group9.double3": -3794108811274866000000000000000000000000000000000000000000000000000000000000000000000000000000000000000000000000000000000000000000000000000000000000000000000000000000000000000000000000000000000000000000000000000000000000000000000000000000000000000000000000000000000000000000000000000000000000000000000,
  "Group9.double2": -3.904937901991431E-135,
  "Group21.boolean2": false,
  "Group7.string9": "7wFncpChu5WJBMv2mHsz",
  "Group7.string6": "N3lPEbPL4XDDO9ceBlYN",
  "Group7.string5": "dTVUBBivolwzBaTlG6yF",
  "Group7.string2": "YjQHtjQeRtT9PdH2fTOK",
  "Group7.string1": "28tyM14uL6fCT0eW3oso",
  "Group8.dateTime10": "1960-04-17T01:12:18.000Z",
  "Group11.string9": "SCquQuh17JJmFMNjxLZG",
  "Group11.string2": "qv4HdNsBgSSYNImKDVKe",
  "Group3.dateTime7": "2085-04-25T11:01:49.000Z",
  "Group3.dateTime5": "2007-12-16T21:10:28.000Z",
  "Group3.dateTime3": "2041-07-17T15:02:29.000Z",
  "Group19.double10": -3.12896899501434E-20,
  "Group17.boolean10": true,
  "Group10.boolean7": false,
  "Group10.boolean2": true,
  "Group20.string7": "U9banJ5DX94ybZ3i0fsh",
  "Group25.int7": 0,
  "Group25.int4": 2147483647,
  "Group25.int2": 0,
  "Group20.double4": -5.1565064815903923E-141,
  "Group24.string9": "AIBLQ0SsucXeSszZU1xV",
  "Group25.string8": "bdKOWFjDHzLMAEGZnRLu",
  "Group25.string3": "wEKDTx7uFC7TaduZDa82",
  "Group6.dateTime10": "1939-11-25T18:28:18.000Z",
  "Group10.int6": 845561961,
  "Group10.int1": -2147483648,
  "Group5.string10": "xkAupI5PAqOKzKvUJP9n",
  "Group3.double2": 2.8031893922703738E-220,
  "Group21.int9": 0,
  "Group21.int3": 1,
  "Group8.boolean6": true,
  "Group18.string1": "a4nqtFNXIhoNxiHtrPeE",
  "Group12.int10": -219189307,
  "Group21.boolean10": true,
  "Group17.double9": -2.44704344290855E-261,
  "Group17.double4": 4.722262450149466E-136,
  "Group17.double1": 358868607420403740000000000000000000000000000000000000000000000000000000000000000000000000000000000000000000000000000000000000000000000000,
  "Group25.int10": -746625399,
  "Group17.dateTime5": "1909-06-03T20:37:06.000Z",
  "Group2.int5": 1193285527,
  "Group2.int4": 1323211856,
  "Group19.double2": 177949949917224000000000000000000000000000000000000000000000000000000000000000000000000000000000000000000000000000000000000000000000000000000000000000000000000000000000000000000000000000000000000000000000000000000000000000000000000000000000000000000000000000000000000000000000000000000000,
  "Group19.dateTime6": "1923-05-27T17:11:24.000Z",
  "Group19.dateTime5": "2097-08-23T16:15:12.000Z",
  "Group19.dateTime1": "2054-04-06T04:01:10.000Z",
  "Group3.int9": 119243539,
  "Group3.int1": 362317682,
  "Group3.string10": "jAIwXUm3phEKKZrUjjt1",
  "Group17.int2": 2147483647,
  "Group16.int10": -2147483648,
  "Group8.string3": "ShZf9rqLcWQI6V0h634Y",
  "Group11.boolean8": false,
  "Group11.boolean5": false,
  "Group11.boolean4": false,